{
  "clientes": [
    {
      "dni": "73289465B",
      "fechaAlta": "2022-02-14",
      "nombre": "Laura",
      "apellidos": "López Sánchez",
      "email": "laura.lopez@example.com",
      "movil": "612345678",
      "direccion": "Calle Rodríguez 18",
      "provincia": "Madrid",
      "municipio": "Alcalá de Henares",
      "historico": false,
      "lopd": true,
      "password": "",
      "tipo": "user",
      "tipoCliente": "particular",
      "id": "7169"
    },
    {
      "dni": "X3456789G",
      "fechaAlta": "2023-07-05",
      "nombre": "José",
      "apellidos": "Martín Pérez",
      "email": "jose.martin@example.com",
      "movil": "678901222",
      "direccion": "Calle Fernández 95",
      "provincia": "Barcelona",
      "municipio": "Badalona",
      "historico": true,
      "lopd": true,
      "password": "",
      "tipo": "user",
      "tipoCliente": "particular",
      "id": "a079"
    },
    {
      "dni": "45678912S",
      "fechaAlta": "2021-11-20",
      "nombre": "Ana",
      "apellidos": "García Gómez",
      "email": "ana.garcia@example.com",
      "movil": "634567890",
      "direccion": "Calle Sánchez 55",
      "provincia": "Sevilla",
      "municipio": "Utrera",
      "historico": false,
      "lopd": true,
      "password": "",
      "tipo": "user",
      "tipoCliente": "particular",
      "id": "56df"
    },
    {
      "dni": "78912345N",
      "fechaAlta": "2024-03-08",
      "nombre": "Antonio",
      "apellidos": "Pérez López",
      "email": "antonio.perez@example.com",
      "movil": "645678901",
      "direccion": "Calle González 72",
      "provincia": "Valencia",
      "municipio": "Torrent",
      "historico": true,
      "lopd": true,
      "password": "",
      "tipo": "user",
      "tipoCliente": "particular",
      "id": "c356"
    },
    {
      "dni": "90123456A",
      "fechaAlta": "2022-06-27",
      "nombre": "María",
      "apellidos": "Fernández Martín",
      "email": "maria.fernandez@example.com",
      "movil": "623456789",
      "direccion": "Calle Gómez 14",
      "provincia": "Málaga",
      "municipio": "Ronda",
      "historico": false,
      "lopd": false,
      "password": "",
      "tipo": "user",
      "tipoCliente": "particular",
      "id": "960a"
    },
    {
      "dni": "Z2345678M",
      "fechaAlta": "2023-04-15",
      "nombre": "Javier",
      "apellidos": "Sánchez García",
      "email": "javier.sanchez@example.com",
      "movil": "689012345",
      "direccion": "Calle Martín 77",
      "provincia": "Zaragoza",
      "municipio": "Calatayud",
      "historico": true,
      "lopd": false,
      "password": "",
      "tipo": "user",
      "tipoCliente": "particular",
      "id": "eda8"
    },
    {
      "dni": "34567891H",
      "fechaAlta": "2021-09-09",
      "nombre": "Carmen",
      "apellidos": "Rodríguez Martínez",
      "email": "carmen.rodriguez@example.com",
      "movil": "698765432",
      "direccion": "Calle Pérez 42",
      "provincia": "Murcia",
      "municipio": "Cartagena",
      "historico": false,
      "lopd": true,
      "password": "",
      "tipo": "user",
      "tipoCliente": "particular",
      "id": "39b2"
    },
    {
      "dni": "56789123F",
      "fechaAlta": "2024-01-11",
      "nombre": "Luis",
      "apellidos": "Martínez Fernández",
      "email": "luis.martinez@example.com",
      "movil": "676543210",
      "direccion": "Calle González 64",
      "provincia": "Granada",
      "municipio": "Motril",
      "historico": true,
      "lopd": true,
      "password": "",
      "tipo": "user",
      "tipoCliente": "particular",
      "id": "d6a9"
    },
    {
      "dni": "23456789D",
      "fechaAlta": "2022-05-22",
      "nombre": "Isabel",
      "apellidos": "Gómez López",
      "email": "isabel.gomez@example.com",
      "movil": "690123456",
      "direccion": "Calle Sánchez 80",
      "provincia": "Cádiz",
      "municipio": "Chiclana de la Frontera",
      "historico": false,
      "lopd": false,
      "password": "",
      "tipo": "user",
      "tipoCliente": "particular",
      "id": "0f47"
    },
    {
      "dni": "67891234H",
      "fechaAlta": "2023-08-03",
      "nombre": "Carlos",
      "apellidos": "Martín García",
      "email": "carlos.martin@example.com",
      "movil": "687654321",
      "direccion": "Calle Rodríguez 19",
      "provincia": "Bizkaia",
      "municipio": "Getxo",
      "historico": true,
      "lopd": false,
      "password": "",
      "tipo": "user",
      "tipoCliente": "particular",
      "id": "1955"
    },
    {
      "dni": "78945612K",
      "fechaAlta": "2021-12-29",
      "nombre": "Ana",
      "apellidos": "López Fernández",
      "email": "ana.lopez@example.com",
      "movil": "612398745",
      "direccion": "Calle García 33",
      "provincia": "Madrid",
      "municipio": "Getafe",
      "historico": true,
      "lopd": true,
      "password": "",
      "tipo": "user",
      "tipoCliente": "particular",
      "id": "1b52"
    },
    {
      "dni": "X9876543K",
      "fechaAlta": "2024-03-17",
      "nombre": "Javier",
      "apellidos": "Sánchez Gómez",
      "email": "javier.sanchez@example.com",
      "movil": "623456789",
      "direccion": "Calle Martín 48",
      "provincia": "Barcelona",
      "municipio": "Terrassa",
      "historico": true,
      "lopd": false,
      "password": "",
      "tipo": "user",
      "tipoCliente": "particular",
      "id": "58cf"
    },
    {
      "dni": "34561278Y",
      "fechaAlta": "2022-06-05",
      "nombre": "Luis",
      "apellidos": "Pérez Martínez",
      "email": "luis.perez@example.com",
      "movil": "634567890",
      "direccion": "Calle Fernández 12",
      "provincia": "Sevilla",
      "municipio": "Écija",
      "historico": false,
      "lopd": true,
      "password": "",
      "tipo": "user",
      "tipoCliente": "particular",
      "id": "e406"
    },
    {
      "dni": "Y1234567X",
      "fechaAlta": "2025-09-07",
      "nombre": "María Del Mar",
      "apellidos": "Gómez Rodríguez",
      "email": "maria.gomez@example.com",
      "movil": "645678901",
      "direccion": "Calle García 21",
      "provincia": "Valencia",
      "municipio": "Gandía",
      "historico": true,
      "lopd": true,
      "password": "",
      "tipo": "user",
      "tipoCliente": "particular",
      "id": "ba17"
    },
    {
      "dni": "56712389R",
      "fechaAlta": "2021-11-12",
      "nombre": "Carlos",
      "apellidos": "Martín Sánchez",
      "email": "carlos.martin@example.com",
      "movil": "656789012",
      "direccion": "Calle López 77",
      "provincia": "Málaga",
      "municipio": "Marbella",
      "historico": false,
      "lopd": false,
      "password": "",
      "tipo": "user",
      "tipoCliente": "particular",
      "id": "b1f4"
    },
    {
      "dni": "X4567891E",
      "fechaAlta": "2022-01-14",
      "nombre": "Ana",
      "apellidos": "Fernández López",
      "email": "ana.fernandez@example.com",
      "movil": "612345679",
      "direccion": "Calle García 12",
      "provincia": "Madrid",
      "municipio": "Móstoles",
      "historico": false,
      "lopd": true,
      "password": "",
      "tipo": "user",
      "tipoCliente": "particular",
      "id": "76d6"
    },
    {
      "dni": "Y2345678Z",
      "fechaAlta": "2023-03-09",
      "nombre": "Carlos",
      "apellidos": "Martínez Sánchez",
      "email": "carlos.martinez@example.com",
      "movil": "623456780",
      "direccion": "Calle López 45",
      "provincia": "Barcelona",
      "municipio": "Sabadell",
      "historico": true,
      "lopd": false,
      "password": "",
      "tipo": "user",
      "tipoCliente": "particular",
      "id": "66fd"
    },
    {
      "dni": "Z9876543A",
      "fechaAlta": "2021-07-22",
      "nombre": "José",
      "apellidos": "Pérez Gómez",
      "email": "jose.perez@example.com",
      "movil": "634567891",
      "direccion": "Calle Rodríguez 33",
      "provincia": "Sevilla",
      "municipio": "Dos Hermanas",
      "historico": false,
      "lopd": true,
      "password": "",
      "tipo": "user",
      "tipoCliente": "particular",
      "id": "4d3e"
    },
    {
      "dni": "12345678Z",
      "fechaAlta": "2022-09-30",
      "nombre": "Laura",
      "apellidos": "Gómez Fernández",
      "email": "laura.gomez@example.com",
      "movil": "645678902",
      "direccion": "Calle Sánchez 18",
      "provincia": "Valencia",
      "municipio": "Xàtiva",
      "historico": false,
      "lopd": true,
      "password": "",
      "tipo": "user",
      "tipoCliente": "particular",
      "id": "bacd"
    },
    {
      "dni": "87654321X",
      "fechaAlta": "2023-12-17",
      "nombre": "Luis",
      "apellidos": "López Martín",
      "email": "luis.lopez@example.com",
      "movil": "656789013",
      "direccion": "Calle Fernández 29",
      "provincia": "Málaga",
      "municipio": "Antequera",
      "historico": false,
      "lopd": false,
      "password": "",
      "tipo": "user",
      "tipoCliente": "particular",
      "id": "9115"
    },
    {
      "dni": "X3456789G",
      "fechaAlta": "2024-05-05",
      "nombre": "Isabel",
      "apellidos": "Martín Pérez",
      "email": "isabel.martin@example.com",
      "movil": "667890124",
      "direccion": "Calle Rodríguez 52",
      "provincia": "Zaragoza",
      "municipio": "Ejea de los Caballeros",
      "historico": true,
      "lopd": false,
      "password": "",
      "tipo": "user",
      "tipoCliente": "particular",
      "id": "82f2"
    },
    {
      "dni": "00000000T",
      "nombre": "Sonia",
      "apellidos": "Abalos Martínez",
      "email": "sonia@gmil.com",
      "movil": "654789465",
      "direccion": "Avda. De Galicia, 101",
      "provincia": "Cuenca",
      "municipio": "Alconchel de la Estrella",
      "fechaAlta": "2025-10-02",
      "historico": true,
      "lopd": true,
      "password": "",
      "tipo": "user",
      "tipoCliente": "particular",
      "id": "971c"
    },
    {
      "dni": "99999999R",
      "nombre": "Francisco",
      "apellidos": "Alonso Gil",
      "email": "gil@gil.com",
      "movil": "654654654",
      "direccion": "Avenida Del Puente, 80",
      "provincia": "Pontevedra",
      "municipio": "Vigo",
      "fechaAlta": "2025-02-10",
      "historico": false,
      "lopd": false,
      "password": "",
      "tipo": "user",
      "tipoCliente": "particular",
      "id": "9afd"
    },
    {
      "dni": "39390917J",
      "nombre": "Paula",
      "apellidos": "Gil Santos",
      "email": "email@correo.com",
      "movil": "654784315",
      "direccion": "Avenida Del Puerto, 1",
      "provincia": "Guadalajara",
      "municipio": "Driebes",
      "fechaAlta": "2025-10-03",
      "historico": false,
      "lopd": false,
      "password": "",
      "tipo": "user",
      "tipoCliente": "particular",
      "id": "c9ee"
    },
    {
      "dni": "Y1362780K",
      "nombre": "Alicia",
      "apellidos": "Suárez Gómez",
      "email": "alicia@email.ru",
      "movil": "658451248",
      "direccion": "Calle Principal, 12",
      "provincia": "Girona",
      "municipio": "Arbúcies",
      "fechaAlta": "2025-10-03",
      "historico": true,
      "lopd": true,
      "password": "",
      "tipo": "user",
      "tipoCliente": "particular",
      "id": "ec7e"
    },
    {
      "dni": "X4841619G",
      "nombre": "Marta",
      "apellidos": "Abril López",
      "email": "marta.a@gmail.com",
      "movil": "631546975",
      "direccion": "Calle Rúa, 14 4ºa",
      "provincia": "Huelva",
      "municipio": "Alájar",
      "fechaAlta": "2025-10-09",
      "historico": true,
      "lopd": false,
      "password": "",
      "tipo": "user",
      "tipoCliente": "particular",
      "id": "a1b9"
    },
    {
      "dni": "94016002Y",
      "nombre": "Amancio",
      "apellidos": "Ara Sol",
      "email": "sol@mail.com",
      "movil": "652145786",
      "direccion": "Calle Sol, 25",
      "provincia": "Huelva",
      "municipio": "Cerro de Andévalo, El",
      "fechaAlta": "2025-10-08",
      "historico": true,
      "lopd": true,
      "password": "",
      "tipo": "user",
      "tipoCliente": "particular",
      "id": "68a1"
    },
    {
      "dni": "Z4268144Q",
      "nombre": "Santiago",
      "apellidos": "Aldo Santos",
      "email": "aldo@gao.es",
      "movil": "654213658",
      "direccion": "Calle Luna, 34",
      "provincia": "Tarragona",
      "municipio": "Calafell",
      "fechaAlta": "2025-10-16",
      "historico": true,
      "lopd": true,
      "password": "",
      "tipo": "user",
      "tipoCliente": "particular",
      "id": "b38d"
    },
    {
      "dni": "35611774T",
      "nombre": "Ainé",
      "apellidos": "Figueroa Pérez",
      "email": "aine@gmail.com",
      "movil": "666555111",
      "direccion": "Calle Rodríguez 18",
      "provincia": "Albacete",
      "municipio": "Alcalá del Júcar",
      "fechaAlta": "2025-10-01",
      "historico": true,
      "lopd": false,
      "password": "",
      "tipo": "user",
      "tipoCliente": "particular",
      "id": "a7be"
    },
    {
      "dni": "35611775R",
      "nombre": "Ana",
      "apellidos": "Alvarez Pereira",
      "email": "alvaro@hmail.com",
      "movil": "333444111",
      "direccion": "Calle García 12",
      "provincia": "Castellón",
      "municipio": "Algimia de Almonacid",
      "fechaAlta": "2025-10-01",
      "historico": true,
      "lopd": true,
      "password": "",
      "tipo": "user",
      "tipoCliente": "particular",
      "id": "a66b"
    }
  ],
  "noticias": [
    {
      "id": "4f2e",
      "titulo": "Noticia súper importante",
      "contenido": "Lorem Ipsum is simply dummy text of the printing and typesetting industry. Lorem Ipsum has been the industry's standard dummy text ever since the 1500s, when an unknown printer took a galley of type and scrambled it to make a type specimen book. It has survived not only five centuries, but also the leap into electronic typesetting, remaining essentially unchanged. It was popularised in the 1960s with the release of Letraset sheets containing Lorem Ipsum passages, and more recently with desktop publishing software like Aldus PageMaker including versions of Lorem Ipsum.",
      "fecha": "2025/10/04"
    },
    {
      "id": "4g2w",
      "titulo": "Otra noticia importante",
      "contenido": "Contrary to popular belief, Lorem Ipsum is not simply random text. It has roots in a piece of classical Latin literature from 45 BC, making it over 2000 years old. Richard McClintock, a Latin professor at Hampden-Sydney College in Virginia, looked up one of the more obscure Latin words, consectetur, from a Lorem Ipsum passage, and going through the cites of the word in classical literature, discovered the undoubtable source. Lorem Ipsum comes from sections 1.10.32 and 1.10.33 of 'de Finibus Bonorum et Malorum' (The Extremes of Good and Evil) by Cicero, written in 45 BC. This book is a treatise on the theory of ethics, very popular during the Renaissance. The first line of Lorem Ipsum, 'Lorem ipsum dolor sit amet..', comes from a line in section 1.10.32.",
      "fecha": "2025/10/24"
    }
  ],
  "coches": [
    {
      "tipo": "coche",
      "marca": "Volkswagen",
      "modelo": "Golf",
      "anio": 2020,
      "kilometros": 48000,
      "precio": 15800,
      "combustible": "diésel",
      "transmision": "manual",
      "color": "blanco",
      "puertas": 5,
      "potencia_cv": 115,
      "descripcion": "Volkswagen Golf 2020 con bajo consumo y mantenimiento reciente. ITV pasada.",
      "ubicacion": {
        "ciudad": "Vigo",
        "provincia": "Pontevedra"
      },
      "contacto": {
        "nombre": "María López",
        "telefono": "+34 698 112 903",
        "email": "maria.lopez@example.com"
      },
      "fecha_publicacion": { "$date": "2025-11-03T00:00:00.000Z" },
      "estado": "disponible"
    },
    {
      "tipo": "coche",
      "marca": "Peugeot",
      "modelo": "208",
      "anio": 2018,
      "kilometros": 91000,
      "precio": 9700,
      "combustible": "gasolina",
      "transmision": "automático",
      "color": "azul marino",
      "puertas": 5,
      "potencia_cv": 100,
      "descripcion": "Peugeot 208 automático en excelente estado interior, ideal para ciudad.",
      "ubicacion": {
        "ciudad": "A Coruña",
        "provincia": "A Coruña"
      },
      "contacto": {
        "nombre": "Carlos Fernández",
        "telefono": "+34 611 223 345",
        "email": "carlos.fernandez@example.com"
      },
      "fecha_publicacion": { "$date": "2025-10-28T00:00:00.000Z" },
      "estado": "disponible"
    },
    {
      "tipo": "coche",
      "marca": "Tesla",
      "modelo": "Model 3",
      "anio": 2021,
      "kilometros": 32000,
      "precio": 32500,
      "combustible": "eléctrico",
      "transmision": "automático",
      "color": "rojo cereza",
      "puertas": 4,
      "potencia_cv": 283,
      "descripcion": "Tesla Model 3 Long Range con Autopilot y mantenimiento oficial.",
      "ubicacion": {
        "ciudad": "Ourense",
        "provincia": "Ourense"
      },
      "contacto": {
        "nombre": "Laura González",
        "telefono": "+34 600 889 451",
        "email": "laura.gonzalez@example.com"
      },
      "fecha_publicacion": { "$date": "2025-10-20T00:00:00.000Z" },
      "estado": "reservado"
    },
    {
      "tipo": "coche",
      "marca": "Seat",
      "modelo": "León",
      "anio": 2017,
      "kilometros": 112000,
      "precio": 8900,
      "combustible": "diésel",
      "transmision": "manual",
      "color": "gris oscuro",
      "puertas": 5,
      "potencia_cv": 105,
      "descripcion": "Seat León 1.6 TDI, cadena de distribución cambiada, muy cuidado.",
      "ubicacion": {
        "ciudad": "Lugo",
        "provincia": "Lugo"
      },
      "contacto": {
        "nombre": "Andrés Castro",
        "telefono": "+34 622 774 982",
        "email": "andres.castro@example.com"
      },
      "fecha_publicacion": { "$date": "2025-09-15T00:00:00.000Z" },
      "estado": "vendido"
    },
    {
      "tipo": "coche",
      "marca": "Renault",
      "modelo": "Clio",
      "anio": 2016,
      "kilometros": 125000,
      "precio": 6800,
      "combustible": "gasolina",
      "transmision": "manual",
      "color": "negro",
      "puertas": 5,
      "potencia_cv": 90,
      "descripcion": "Renault Clio 1.2, consumo muy bajo, revisado y sin accidentes.",
      "ubicacion": {
        "ciudad": "Ferrol",
        "provincia": "A Coruña"
      },
      "contacto": {
        "nombre": "Beatriz Méndez",
        "telefono": "+34 690 440 871",
        "email": "beatriz.mendez@example.com"
      },
      "fecha_publicacion": { "$date": "2025-08-10T00:00:00.000Z" },
      "estado": "disponible"
    }
  ],
  "citas": [
    {
      "id": "",
      "matricula": "3528GVY",
      "movilCliente": "642900863",
      "fechaCita": "2025-11-16",
      "servicioTaller": "neumáticos",
      "estadoCita": "pendiente",
      "acepta": ""
    },
    {
      "id": "",
      "matricula": "1205LJW",
      "movilCliente": "663456192",
      "fechaCita": "2025-11-24",
      "servicioTaller": "cambio de aceite",
      "estadoCita": "pendiente",
      "acepta": ""
    }
  ]
}